year,title,ndc_code,genre,genre_major,location,creator_normalized
1818,[契沖追悼詩歌集],911.15,911.15:詩歌/和歌．短歌/近世：江戸時代,詩歌,不明,不明
1846,[楽書神事あんど],911.19,911.19:詩歌/和歌．短歌/狂歌．へなぶり,詩歌,不明,不明
1842,[画本柳樽],911.4,911.4:日本文学/詩歌/川柳．狂句,日本文学,大阪,その他
1810,[荷田在満家歌合],911.15,911.15:詩歌/和歌．短歌/近世：江戸時代,詩歌,不明,賀茂 真淵
1854,[落噺臍能七艸] : 3巻,913.59,913.59:小説．物語/近世：江戸時代/咄本：醒睡笑,小説．物語,大阪,不明
1842,〔景山公題臨江楼尊韻〕,919.5,919.5:日本文学/漢詩文．日本漢文学/近世：江戸時代,日本文学,不明,その他
1809,あしむろ集,911.3,911.3:日本文学/詩歌/俳諧．俳句,日本文学,不明,その他
1821,あちま野,911.3,911.3:日本文学/詩歌/俳諧．俳句,日本文学,京都,その他
1850,あまのくゝつ,914,914:日本文学/評論．エッセイ．随筆,日本文学,大阪,中島 広足
1808,いきじもの,913,913:日本文学/小説．物語,日本文学,京都,その他
1808,うけらが花 : 2編14巻,911.15,911.15:詩歌/和歌．短歌/近世：江戸時代,詩歌,大阪,その他
1834,うた日記,911.1,911.1:日本文学/詩歌/和歌．短歌,日本文学,京都,その他
1845,おあむ物語 おきく物語,913.4,913.4:日本文学/小説．物語/中世：鎌倉・室町時代,日本文学,江戸,不明
1836,おさん茂平花名所懐中暦 4編 (存2編),913.54,913.54:小説．物語/近世：江戸時代/人情本：為永春水,小説．物語,不明,その他
1852,おらが春,911.3,911.3:日本文学/詩歌/俳諧．俳句,日本文学,江戸,その他
1853,かしのしつ枝 : 2巻,914,914:日本文学/評論．エッセイ．随筆,日本文学,大阪,中島 広足
1803,かつらかさね,911.3,911.3:日本文学/詩歌/俳諧．俳句,日本文学,大阪,その他
1802,かりの行かひ,915.5,915.5:日本文学/日記．書簡．紀行/近世：江戸時代,日本文学,不明,その他
1822,くせものかたり,913.5,913.5:日本文学/小説．物語/近世：江戸時代,日本文学,大阪,その他
1848,このはな集,913,913:日本文学/小説．物語,日本文学,不明,その他
1821,さやさや草紙 : 3巻,914,914:日本文学/評論．エッセイ．随筆,日本文学,大阪,その他
1855,しのふくさ 4編7巻,911.158,911.158:和歌．短歌/近世：江戸時代/家集,和歌．短歌,不明,その他
1843,しらきく集,911.3,911.3:日本文学/詩歌/俳諧．俳句,日本文学,不明,その他
1812,すみれ草,913.3,913.3:日本文学/小説．物語/古代後期［中古］：平安時代,日本文学,江戸,その他
1845,そのあかり,911.3,911.3:日本文学/詩歌/俳諧．俳句,日本文学,不明,その他
1847,たち花の香 : 2巻,911.15,911.15:詩歌/和歌．短歌/近世：江戸時代,詩歌,不明,その他
1861,たまひろひ,911.35,911.35:詩歌/俳諧．俳句/文化・文政・天保期：小林一茶，成田蒼＊，桜井梅室,詩歌,不明,その他
1867,とくさかり,911.3,911.3:日本文学/詩歌/俳諧．俳句,日本文学,不明,その他
1826,とこよぢの日記 : 草本,915.5,915.5:日本文学/日記．書簡．紀行/近世：江戸時代,日本文学,不明,中島 広足
1810,ふたくさの道記,915.5,915.5:日本文学/日記．書簡．紀行/近世：江戸時代,日本文学,江戸,その他
1823,ふなぢのなやみ,915.5,915.5:日本文学/日記．書簡．紀行/近世：江戸時代,日本文学,不明,中島 広足
1805,ましり咲,913,913:日本文学/小説．物語,日本文学,京都,その他
1821,やつれ蓑の日記,915,915:日本文学/日記．書簡．紀行,日本文学,京都,その他
1842,一の谷嫩軍記,913.57,913.57:小説．物語/近世：江戸時代/草双紙：赤本，黒本，青本，黄表紙，合巻,小説．物語,不明,橋本 貞秀
1837,一休ばなし : 4巻,913.59,913.59:小説．物語/近世：江戸時代/咄本：醒睡笑,小説．物語,不明,不明
1821,一字俗弁,911.307,911.307:詩歌/俳諧．俳句/研究法．指導法．作句法．作句用書．歳時記,詩歌,不明,その他
1861,万国奇談袋,913.5,913.5:日本文学/小説．物語/近世：江戸時代,日本文学,不明,その他
1821,万葉分類 : 3巻,911.1,911.1:日本文学/詩歌/和歌．短歌,日本文学,不明,その他
1854,万葉小諷総目録,912.3,912.3:日本文学/戯曲/謡曲,日本文学,京都,その他
1823,万葉山常百首,911.1,911.1:日本文学/詩歌/和歌．短歌,日本文学,京都,その他
1818,万葉用字格,911.1,911.1:日本文学/詩歌/和歌．短歌,日本文学,不明,その他
1857,万葉集中上野国歌 : 2巻,911.12,911.12:詩歌/和歌．短歌/万葉集,詩歌,不明,その他
1867,万葉集書目,911.13,911.13:詩歌/和歌．短歌/古代後期［中古］：平安時代,詩歌,江戸,その他
1815,万葉集楢落葉 : 5巻,911.1,911.1:日本文学/詩歌/和歌．短歌,日本文学,江戸,その他
1856,万葉集略解 : 20巻,911.13,911.13:詩歌/和歌．短歌/古代後期［中古］：平安時代,詩歌,名古屋,その他
1865,万葉集註釈 : 20巻,911.1,911.1:日本文学/詩歌/和歌．短歌,日本文学,不明,その他
1820,万葉集遠江歌考,911.1,911.1:日本文学/詩歌/和歌．短歌,日本文学,不明,賀茂 真淵
1853,三代和歌集 : 校本,911.13,911.13:詩歌/和歌．短歌/古代後期［中古］：平安時代,詩歌,江戸,その他
1811,三日月集,911.3,911.3:日本文学/詩歌/俳諧．俳句,日本文学,江戸,その他
1859,三都妖婦伝 : 4編,913.56,913.56:小説．物語/近世：江戸時代/読本：滝沢馬琴，上田秋成,小説．物語,江戸,その他
1831,不二紀行詩,919,919:日本文学/漢詩文．日本漢文学,日本文学,江戸,その他
1858,不繋舟 3巻,911.15,911.15:詩歌/和歌．短歌/近世：江戸時代,詩歌,江戸,その他
1843,世事百談,914.5,914.5:日本文学/評論．エッセイ．随筆/近世：江戸時代,日本文学,江戸,その他
1845,世志幸迺図会,911.9,911.9:日本文学/詩歌/漢詩,日本文学,不明,その他
1822,中旅雑日記 草稿,913.55,913.55:小説．物語/近世：江戸時代/滑稽本：十返舎一九，式亭三馬，滝亭鯉丈,小説．物語,不明,その他
1850,中空の日記 : 東塢大人紀行,915,915:日本文学/日記．書簡．紀行,日本文学,京都,香川 景樹
1838,丹鶴百人一首宝庫,911.14,911.14:詩歌/和歌．短歌/中世：鎌倉・室町時代,詩歌,江戸,その他
1850,久保之取蛇尾 : 3巻,914,914:日本文学/評論．エッセイ．随筆,日本文学,大阪,その他
1849,乍浦集詠鈔 3巻附録1巻,919.5,919.5:日本文学/漢詩文．日本漢文学/近世：江戸時代,日本文学,不明,その他
1865,九州道の記,915.5,915.5:日本文学/日記．書簡．紀行/近世：江戸時代,日本文学,不明,その他
1857,五十槻掻葉集 : 8巻,911.158,911.158:和歌．短歌/近世：江戸時代/家集,和歌．短歌,不明,その他
1821,亮々草紙,914.5,914.5:日本文学/評論．エッセイ．随筆/近世：江戸時代,日本文学,江戸,その他
1848,人心百物がたり,913.5,913.5:日本文学/小説．物語/近世：江戸時代,日本文学,大阪,その他
1813,人間萬事虚誕計 2編,913.55,913.55:小説．物語/近世：江戸時代/滑稽本：十返舎一九，式亭三馬，滝亭鯉丈,小説．物語,不明,その他
1814,人面樹鼻之親玉 : 3巻,913.57,913.57:小説．物語/近世：江戸時代/草双紙：赤本，黒本，青本，黄表紙，合巻,小説．物語,不明,その他
1855,今世名家文鈔,919.5,919.5:日本文学/漢詩文．日本漢文学/近世：江戸時代,日本文学,不明,その他
1805,今按名蹟考,911.1,911.1:日本文学/詩歌/和歌．短歌,日本文学,大阪,その他
1847,今春土産福壽草 : 福の巻,911.45,911.45:詩歌/川柳．狂句/近世：江戸時代,詩歌,不明,その他
1857,仏山堂詩鈔,919,919:日本文学/漢詩文．日本漢文学,日本文学,京都,その他
1858,仮名読八犬伝,913.57,913.57:小説．物語/近世：江戸時代/草双紙：赤本，黒本，青本，黄表紙，合巻,小説．物語,江戸,その他
1804,仮字領袖,911.19,911.19:詩歌/和歌．短歌/狂歌．へなぶり,詩歌,不明,その他
1850,伊勢紀行 寝転草,911.33,911.33:詩歌/俳諧．俳句/元禄期：榎本其角，服部嵐雪，向井去来，内藤丈草，森川許六，各務支考，横井也有，中川乙由，上島鬼貫,詩歌,不明,その他
1850,伊呂波蔵水滸伝,913.5,913.5:日本文学/小説．物語/近世：江戸時代,日本文学,不明,その他
1855,佐倉義民伝,913.57,913.57:小説．物語/近世：江戸時代/草双紙：赤本，黒本，青本，黄表紙，合巻,小説．物語,江戸,その他
1853,佐嘉日記,915.5,915.5:日本文学/日記．書簡．紀行/近世：江戸時代,日本文学,長崎,中島 広足
1855,俳人百家撰,911.302,911.302:詩歌/俳諧．俳句/俳諧史．俳人列伝・研究,詩歌,不明,緑亭 川柳
1827,俳諧一葉集,911.3,911.3:日本文学/詩歌/俳諧．俳句,日本文学,江戸,その他
1837,俳諧今七部集,911.3,911.3:日本文学/詩歌/俳諧．俳句,日本文学,江戸,その他
1811,俳諧四季文集/初篇,911.3,911.3:日本文学/詩歌/俳諧．俳句,日本文学,大阪,その他
1807,俳諧天爾波抄,911.3,911.3:日本文学/詩歌/俳諧．俳句,日本文学,京都,その他
1856,俳諧手挑灯,911.3,911.3:日本文学/詩歌/俳諧．俳句,日本文学,江戸,その他
1845,俳諧拾葉集,911.3,911.3:日本文学/詩歌/俳諧．俳句,日本文学,京都,その他
1836,俳諧歌種心集,911.19,911.19:詩歌/和歌．短歌/狂歌．へなぶり,詩歌,京都,その他
1860,俳諧歌苧環集,911.3,911.3:日本文学/詩歌/俳諧．俳句,日本文学,不明,不明
1803,俳諧歳時記,911.3,911.3:日本文学/詩歌/俳諧．俳句,日本文学,大阪,その他
1854,俳諧玉ひろひ,913,913:日本文学/小説．物語,日本文学,金沢,その他
1807,俳諧発句五百題,911.3,911.3:日本文学/詩歌/俳諧．俳句,日本文学,不明,その他
1850,俳諧百一集,911.3,911.3:日本文学/詩歌/俳諧．俳句,日本文学,江戸,その他
1816,俳諧百画賛 : 2巻,911.3,911.3:日本文学/詩歌/俳諧．俳句,日本文学,その他,その他
1853,俳諧種瓢,911.3,911.3:日本文学/詩歌/俳諧．俳句,日本文学,不明,不明
1833,俳諧苔の花,911.3,911.3:日本文学/詩歌/俳諧．俳句,日本文学,不明,その他
1848,俳諧裾野集,911.3,911.3:日本文学/詩歌/俳諧．俳句,日本文学,江戸,その他
1860,俵藤太竜宮蜃話 : 3巻,913.55,913.55:小説．物語/近世：江戸時代/滑稽本：十返舎一九，式亭三馬，滝亭鯉丈,小説．物語,江戸,その他
1852,假名反古一休草紙 16編 (存4編),913.57,913.57:小説．物語/近世：江戸時代/草双紙：赤本，黒本，青本，黄表紙，合巻,小説．物語,不明,その他
1832,偐紫田舎源氏,913.57,913.57:小説．物語/近世：江戸時代/草双紙：赤本，黒本，青本，黄表紙，合巻,小説．物語,江戸,その他
1861,傍廂,914.5,914.5:日本文学/評論．エッセイ．随筆/近世：江戸時代,日本文学,江戸,その他
1860,八まん祭りよみやのにきはひ (存3編),912.5,912.5:日本文学/戯曲/歌舞伎：鶴屋南北，河竹黙阿弥,日本文学,不明,その他
1833,八十浦之玉,911.15,911.15:詩歌/和歌．短歌/近世：江戸時代,詩歌,その他,その他
1837,八十翁むかし話,914.5,914.5:日本文学/評論．エッセイ．随筆/近世：江戸時代,日本文学,不明,その他
1856,八犬伝後日譚,913.57,913.57:小説．物語/近世：江戸時代/草双紙：赤本，黒本，青本，黄表紙，合巻,小説．物語,江戸,為永春水
1835,六如菴詩鈔,919.5,919.5:日本文学/漢詩文．日本漢文学/近世：江戸時代,日本文学,不明,その他
1855,其由縁鄙俤 23編92巻 (存2編8巻),913.59,913.59:小説．物語/近世：江戸時代/咄本：醒睡笑,小説．物語,不明,その他
1812,円珠庵雑記,914.5,914.5:日本文学/評論．エッセイ．随筆/近世：江戸時代,日本文学,江戸,その他
1812,円珠菴雑記,914,914:日本文学/評論．エッセイ．随筆,日本文学,江戸,その他
1814,冠附かゞみ磨,911.49,911.49:詩歌/川柳．狂句/雑俳：前句付，冠付，物は付，沓付，折句,詩歌,不明,その他
1814,冠附名付親,911.49,911.49:詩歌/川柳．狂句/雑俳：前句付，冠付，物は付，沓付，折句,詩歌,不明,その他
1845,冠附和田の松,911.49,911.49:詩歌/川柳．狂句/雑俳：前句付，冠付，物は付，沓付，折句,詩歌,不明,その他
1816,冠附後の栞,911.49,911.49:詩歌/川柳．狂句/雑俳：前句付，冠付，物は付，沓付，折句,詩歌,不明,その他
1843,冠附机の塵,911.49,911.49:詩歌/川柳．狂句/雑俳：前句付，冠付，物は付，沓付，折句,詩歌,不明,その他
1844,冠附玉の光,911.49,911.49:詩歌/川柳．狂句/雑俳：前句付，冠付，物は付，沓付，折句,詩歌,不明,その他
1847,列女百人一首,911.1,911.1:日本文学/詩歌/和歌．短歌,日本文学,江戸,緑亭 川柳
1831,刪訂詩学貫珠,919,919:日本文学/漢詩文．日本漢文学,日本文学,大阪,その他
1803,前太平記図会,913.5,913.5:日本文学/小説．物語/近世：江戸時代,日本文学,京都,その他
1840,加越能三州百人歌集,911,911:日本文学/詩歌,日本文学,金沢,その他
1828,勅撰集外哥仙,911.14,911.14:詩歌/和歌．短歌/中世：鎌倉・室町時代,詩歌,不明,その他
1848,北条時頼記図会,913.5,913.5:日本文学/小説．物語/近世：江戸時代,日本文学,江戸,その他
1819,北辺随筆,914.5,914.5:日本文学/評論．エッセイ．随筆/近世：江戸時代,日本文学,京都,その他
1822,北遊詩草,919,919:日本文学/漢詩文．日本漢文学,日本文学,不明,その他
1839,北道遊簿 : 2巻,915,915:日本文学/日記．書簡．紀行,日本文学,江戸,その他
1813,北野霊験二葉之梅 6巻,913.56,913.56:小説．物語/近世：江戸時代/読本：滝沢馬琴，上田秋成,小説．物語,不明,その他
1810,十二番歌合 : 寛保元年八月於荷田在満家,911.18,911.18:詩歌/和歌．短歌/歌合．曲水,詩歌,江戸,賀茂 真淵
1801,十評発句集,911.3,911.3:日本文学/詩歌/俳諧．俳句,日本文学,京都,その他
1855,千々廼屋集 : 3巻,911.15,911.15:詩歌/和歌．短歌/近世：江戸時代,詩歌,不明,その他
1855,千々迺屋集 : 初編3巻,911.158,911.158:和歌．短歌/近世：江戸時代/家集,和歌．短歌,不明,その他
1836,千本桜後日仇討,913.57,913.57:小説．物語/近世：江戸時代/草双紙：赤本，黒本，青本，黄表紙，合巻,小説．物語,江戸,その他
1817,千紅万紫 : 初集,911.19,911.19:詩歌/和歌．短歌/狂歌．へなぶり,詩歌,江戸,その他
1825,千鳥のあと,911.107,911.107:詩歌/和歌．短歌/研究法．指導法．作歌法．作歌用書,詩歌,不明,その他
1861,南北太平記図会,913.5,913.5:日本文学/小説．物語/近世：江戸時代,日本文学,大阪,その他
1835,南園雑集,919,919:日本文学/漢詩文．日本漢文学,日本文学,その他,その他
1817,南畝莠言 2巻,914.5,914.5:日本文学/評論．エッセイ．随筆/近世：江戸時代,日本文学,不明,その他
1846,即席噺,913.59,913.59:小説．物語/近世：江戸時代/咄本：醒睡笑,小説．物語,不明,その他
1845,去来抄,911.3,911.3:日本文学/詩歌/俳諧．俳句,日本文学,不明,その他
1813,参考伊勢物語 : 2巻,913.3,913.3:日本文学/小説．物語/古代後期［中古］：平安時代,日本文学,不明,その他
1833,取方必用冠附芦わけ道 2巻,911.49,911.49:詩歌/川柳．狂句/雑俳：前句付，冠付，物は付，沓付，折句,詩歌,不明,その他
1839,古人五百題句集,911.3,911.3:日本文学/詩歌/俳諧．俳句,日本文学,江戸,その他
1826,古今和歌集 : 20巻,911.1351,911.1351:古代後期［中古］：平安時代/勅撰集．八代集/古今和歌集,古代後期［中古］：平安時代,大阪,その他
1835,古今和歌集正義,911.13,911.13:詩歌/和歌．短歌/古代後期［中古］：平安時代,詩歌,京都,香川 景樹
1830,古今集三鳥三木弁 : 草稿,911.1351,911.1351:古代後期［中古］：平安時代/勅撰集．八代集/古今和歌集,古代後期［中古］：平安時代,不明,中島 広足
1816,古今集序考,911.1351,911.1351:古代後期［中古］：平安時代/勅撰集．八代集/古今和歌集,古代後期［中古］：平安時代,不明,賀茂 真淵
1816,古今集遠鏡,911.1,911.1:日本文学/詩歌/和歌．短歌,日本文学,名古屋,その他
1837,古風三躰考,911.1,911.1:日本文学/詩歌/和歌．短歌,日本文学,大阪,その他
1818,句題和歌,911.138,911.138:和歌．短歌/古代後期［中古］：平安時代/家集,和歌．短歌,不明,その他
1802,吉原談語,913.53,913.53:小説．物語/近世：江戸時代/洒落本：山東京伝，大田南畝,小説．物語,不明,十返舎一九
1801,和哥八重垣 : 7巻,911.1,911.1:日本文学/詩歌/和歌．短歌,日本文学,江戸,その他
1827,和歌ふるの山ふみ : 4巻,911,911:日本文学/詩歌,日本文学,京都,その他
1838,和歌名所集覧,911.1,911.1:日本文学/詩歌/和歌．短歌,日本文学,不明,その他
1841,和歌寄書,911.137,911.137:和歌．短歌/古代後期［中古］：平安時代/私撰集：新撰和歌集，三十六人集，古今和歌六帖,和歌．短歌,不明,不明
1845,和歌麓の塵,911.1,911.1:日本文学/詩歌/和歌．短歌,日本文学,不明,その他
1843,和漢朗詠集,91,91:文学/日本文学,文学,京都,その他
1811,和漢連珠朗詠 : 〔和綴じ本〕,,不明,不明,不明,その他
1861,和蘭シーボルト横浜に於て対話の大意,914.5,914.5:日本文学/評論．エッセイ．随筆/近世：江戸時代,日本文学,不明,不明
1850,善庵随筆 2巻附録1巻,914.5,914.5:日本文学/評論．エッセイ．随筆/近世：江戸時代,日本文学,不明,その他
1846,善悪道中記,913.55,913.55:小説．物語/近世：江戸時代/滑稽本：十返舎一九，式亭三馬，滝亭鯉丈,小説．物語,江戸,その他
1853,善惡胸の機關,913.55,913.55:小説．物語/近世：江戸時代/滑稽本：十返舎一九，式亭三馬，滝亭鯉丈,小説．物語,不明,その他
1847,嘉永二十五家絶句,919.5,919.5:日本文学/漢詩文．日本漢文学/近世：江戸時代,日本文学,不明,不明
1842,嚶々筆語,914.5,914.5:日本文学/評論．エッセイ．随筆/近世：江戸時代,日本文学,京都,その他
1848,四季発句呉竹類題集,911.3,911.3:日本文学/詩歌/俳諧．俳句,日本文学,江戸,その他
1862,四時行,913,913:日本文学/小説．物語,日本文学,京都,その他
1825,回国雑記標註,915.4,915.4:日本文学/日記．書簡．紀行/中世：鎌倉・室町時代,日本文学,不明,その他
1856,回天詩史,919.5,919.5:日本文学/漢詩文．日本漢文学/近世：江戸時代,日本文学,不明,その他
1808,国字鵺物語 : 5巻,913.56,913.56:小説．物語/近世：江戸時代/読本：滝沢馬琴，上田秋成,小説．物語,江戸,その他
1814,国歌八論,911.1,911.1:日本文学/詩歌/和歌．短歌,日本文学,不明,その他
1820,土佐のにき,915.32,915.32:日記．書簡．紀行/古代：平安時代まで/土佐日記,日記．書簡．紀行,名古屋,その他
1819,土佐日記考証,915.3,915.3:日本文学/日記．書簡．紀行/古代：平安時代まで,日本文学,不明,その他
1842,土佐日記舟の直路 : 2巻,915,915:日本文学/日記．書簡．紀行,日本文学,不明,その他
1810,坐敷芸忠臣蔵,913.5,913.5:日本文学/小説．物語/近世：江戸時代,日本文学,不明,その他
1806,填詞図譜 : 2巻附録1巻,919,919:日本文学/漢詩文．日本漢文学,日本文学,京都,その他
1854,塵塚物語,914.5,914.5:日本文学/評論．エッセイ．随筆/近世：江戸時代,日本文学,不明,その他
1846,増穂集,913,913:日本文学/小説．物語,日本文学,不明,その他
1857,増補掌中梅室発句集,913,913:日本文学/小説．物語,日本文学,大阪,その他
1805,増補狂歌題林抄 4巻 (存1巻),911.19,911.19:詩歌/和歌．短歌/狂歌．へなぶり,詩歌,不明,その他
1836,墨林奇標,919,919:日本文学/漢詩文．日本漢文学,日本文学,江戸,その他
1833,変宅論 : 2巻,913.55,913.55:小説．物語/近世：江戸時代/滑稽本：十返舎一九，式亭三馬，滝亭鯉丈,小説．物語,京都,その他
1857,多武峯二十六勝志,919,919:日本文学/漢詩文．日本漢文学,日本文学,不明,その他
1859,夜雨菴集 : 3巻,911.15,911.15:詩歌/和歌．短歌/近世：江戸時代,詩歌,不明,その他
1822,夢路日記,915,915:日本文学/日記．書簡．紀行,日本文学,不明,中島 広足
1849,大伴金道忠孝図絵,913.5,913.5:日本文学/小説．物語/近世：江戸時代,日本文学,大阪,その他
1803,大和物語,913.3,913.3:日本文学/小説．物語/古代後期［中古］：平安時代,日本文学,江戸,その他
1823,大宝倭漢朗詠集 : 2巻,919.5,919.5:日本文学/漢詩文．日本漢文学/近世：江戸時代,日本文学,京都,その他
1857,大川仁政録,913.5,913.5:日本文学/小説．物語/近世：江戸時代,日本文学,不明,その他
1841,大師河原撫子話 : 〔和綴じ本〕,,不明,不明,江戸,その他
1834,大幣,911.1,911.1:日本文学/詩歌/和歌．短歌,日本文学,京都,その他
1850,大晦日曙草紙,913.59,913.59:小説．物語/近世：江戸時代/咄本：醒睡笑,小説．物語,不明,山東 京山
1860,大江戸倭歌集 : 6巻,911.15,911.15:詩歌/和歌．短歌/近世：江戸時代,詩歌,不明,その他
1811,大江門に行をりの道すからの長歌,911.158,911.158:和歌．短歌/近世：江戸時代/家集,和歌．短歌,不明,中島 広足
1839,天保佳話,919.5,919.5:日本文学/漢詩文．日本漢文学/近世：江戸時代,日本文学,江戸,その他
1820,天水抄,911.2,911.2:日本文学/詩歌/連歌,日本文学,不明,その他
1852,天満宮奉納北藩士庶百詠,911,911:日本文学/詩歌,日本文学,不明,不明
1834,太平楽皇国性質,914.5,914.5:日本文学/評論．エッセイ．随筆/近世：江戸時代,日本文学,大阪,その他
1852,太平秘覧,914.5,914.5:日本文学/評論．エッセイ．随筆/近世：江戸時代,日本文学,不明,不明
1820,太田道潅雄飛録,913.5,913.5:日本文学/小説．物語/近世：江戸時代,日本文学,大阪,その他
1840,夷曲歌集百人一首,911,911:日本文学/詩歌,日本文学,金沢,その他
1851,奇特百歌撰初編,911.15,911.15:詩歌/和歌．短歌/近世：江戸時代,詩歌,江戸,緑亭 川柳
1816,奉納玉津嶋折字集抜萃,911.49,911.49:詩歌/川柳．狂句/雑俳：前句付，冠付，物は付，沓付，折句,詩歌,不明,その他
1856,娘庭訓金鶏 3編,913.57,913.57:小説．物語/近世：江戸時代/草双紙：赤本，黒本，青本，黄表紙，合巻,小説．物語,不明,その他
1850,孝経楼漫筆,914.5,914.5:日本文学/評論．エッセイ．随筆/近世：江戸時代,日本文学,江戸,その他
1850,孝經樓漫筆 4巻,914.5,914.5:日本文学/評論．エッセイ．随筆/近世：江戸時代,日本文学,不明,その他
1819,宇合称呼考,914,914:日本文学/評論．エッセイ．随筆,日本文学,不明,その他
1808,宇家良我波奈,911.15,911.15:詩歌/和歌．短歌/近世：江戸時代,詩歌,江戸,その他
1811,安宅集,913,913:日本文学/小説．物語,日本文学,京都,その他
1812,宋三大家絶句 : 1巻,919,919:日本文学/漢詩文．日本漢文学,日本文学,江戸,その他
1823,客者評判記 : 3巻,913.55,913.55:小説．物語/近世：江戸時代/滑稽本：十返舎一九，式亭三馬，滝亭鯉丈,小説．物語,不明,その他
1864,室町源氏胡蝶巻 26編 (存6編),913.5,913.5:日本文学/小説．物語/近世：江戸時代,日本文学,不明,その他
1862,宮川舎漫筆,914.5,914.5:日本文学/評論．エッセイ．随筆/近世：江戸時代,日本文学,江戸,その他
1849,富士一覽記,915.5,915.5:日本文学/日記．書簡．紀行/近世：江戸時代,日本文学,不明,その他
1860,富士山百景狂哥集,911.19,911.19:詩歌/和歌．短歌/狂歌．へなぶり,詩歌,その他,その他
1845,将門記,913.39,913.39:小説．物語/古代後期［中古］：平安時代/歴史物語,小説．物語,不明,不明
1854,小栗一代記,913.57,913.57:小説．物語/近世：江戸時代/草双紙：赤本，黒本，青本，黄表紙，合巻,小説．物語,江戸,その他
1813,小栗外伝,913.56,913.56:小説．物語/近世：江戸時代/読本：滝沢馬琴，上田秋成,小説．物語,江戸,その他
1820,小説由井ケ浜,913.57,913.57:小説．物語/近世：江戸時代/草双紙：赤本，黒本，青本，黄表紙，合巻,小説．物語,江戸,その他
1827,少女巻抄注,913.3,913.3:日本文学/小説．物語/古代後期［中古］：平安時代,日本文学,京都,その他
1803,居行子,914.5,914.5:日本文学/評論．エッセイ．随筆/近世：江戸時代,日本文学,大阪,その他
1814,山家集類題,911.1,911.1:日本文学/詩歌/和歌．短歌,日本文学,不明,その他
1843,山蔭集,911.3,911.3:日本文学/詩歌/俳諧．俳句,日本文学,不明,不明
1836,山陽先生書後・山陽先生題跋 : 書後3巻題跋2巻附録2巻,919.5,919.5:日本文学/漢詩文．日本漢文学/近世：江戸時代,日本文学,京都,その他
1833,山陽詩鈔,919.5,919.5:日本文学/漢詩文．日本漢文学/近世：江戸時代,日本文学,大阪,その他
1841,山陽遺稿 : 文10巻詩7巻拾遺1巻,919,919:日本文学/漢詩文．日本漢文学,日本文学,大阪,その他
1861,峡中記遊,291.51,その他,その他,不明,その他
1851,川柳二合半酒,911.4,911.4:日本文学/詩歌/川柳．狂句,日本文学,不明,不明
1835,左大将家百首歌合,911.18,911.18:詩歌/和歌．短歌/歌合．曲水,詩歌,大阪,その他
1828,巨慶三笑 : 3巻,913.55,913.55:小説．物語/近世：江戸時代/滑稽本：十返舎一九，式亭三馬，滝亭鯉丈,小説．物語,不明,その他
1810,己痴群夢多字画尽,913.55,913.55:小説．物語/近世：江戸時代/滑稽本：十返舎一九，式亭三馬，滝亭鯉丈,小説．物語,江戸,その他
1804,年山紀聞,914.5,914.5:日本文学/評論．エッセイ．随筆/近世：江戸時代,日本文学,京都,その他
1824,幽谷余韻,919.5,919.5:日本文学/漢詩文．日本漢文学/近世：江戸時代,日本文学,不明,その他
1809,庚子道の記,915.5,915.5:日本文学/日記．書簡．紀行/近世：江戸時代,日本文学,不明,その他
1820,後の歌かたり,911.104,911.104:詩歌/和歌．短歌/論文集．評論集．講演集．歌話．評釈．鑑賞,詩歌,不明,中島 広足
1823,後夢路日記 : 草稿,915.5,915.5:日本文学/日記．書簡．紀行/近世：江戸時代,日本文学,不明,中島 広足
1812,後撰集新抄,911.1,911.1:日本文学/詩歌/和歌．短歌,日本文学,名古屋,その他
1824,後無射集,913,913:日本文学/小説．物語,日本文学,京都,その他
1852,復讐銘々伝,913.5,913.5:日本文学/小説．物語/近世：江戸時代,日本文学,江戸,その他
1838,心の種 : 3巻,911,911:日本文学/詩歌,日本文学,江戸,その他
1830,志良山百首,911,911:日本文学/詩歌,日本文学,不明,その他
1825,忠臣蔵,913.5,913.5:日本文学/小説．物語/近世：江戸時代,日本文学,江戸,その他
1812,忠臣蔵偏癡気論,913.5,913.5:日本文学/小説．物語/近世：江戸時代,日本文学,江戸,その他
1857,忠臣蔵皮肉論,912.4,912.4:日本文学/戯曲/浄瑠璃：近松門左衛門，紀海音,日本文学,不明,十返舎一九
1806,怜野集,911.1,911.1:日本文学/詩歌/和歌．短歌,日本文学,江戸,その他
1832,思斎漫録,914.5,914.5:日本文学/評論．エッセイ．随筆/近世：江戸時代,日本文学,京都,その他
1856,怪談春雨夜話,913.57,913.57:小説．物語/近世：江戸時代/草双紙：赤本，黒本，青本，黄表紙，合巻,小説．物語,不明,その他
1825,愚雑爼 : 2巻,914,914:日本文学/評論．エッセイ．随筆,日本文学,京都,その他
1838,愛日楼文詩 : 4巻,919,919:日本文学/漢詩文．日本漢文学,日本文学,江戸,その他
1847,慎夏漫筆,914.5,914.5:日本文学/評論．エッセイ．随筆/近世：江戸時代,日本文学,江戸,その他
1846,戀ハ思按の外慾ハ分別の内氣藥安本丹,913.54,913.54:小説．物語/近世：江戸時代/人情本：為永春水,小説．物語,不明,その他
1803,戯場訓蒙図彙 : 8巻,913.55,913.55:小説．物語/近世：江戸時代/滑稽本：十返舎一九，式亭三馬，滝亭鯉丈,小説．物語,江戸,その他
1849,手妻早傳授 : 酒席一興,913.55,913.55:小説．物語/近世：江戸時代/滑稽本：十返舎一九，式亭三馬，滝亭鯉丈,小説．物語,不明,その他
1861,手日記高野百首,911.15,911.15:詩歌/和歌．短歌/近世：江戸時代,詩歌,不明,その他
1839,手綱染余作春駒,913.57,913.57:小説．物語/近世：江戸時代/草双紙：赤本，黒本，青本，黄表紙，合巻,小説．物語,江戸,その他
1843,扶桑蒙求 3巻,919.5,919.5:日本文学/漢詩文．日本漢文学/近世：江戸時代,日本文学,不明,その他
1824,承久軍談鎌倉太平記,913.5,913.5:日本文学/小説．物語/近世：江戸時代,日本文学,京都,その他
1846,折句集,911.49,911.49:詩歌/川柳．狂句/雑俳：前句付，冠付，物は付，沓付，折句,詩歌,不明,その他
1845,折添集,911.3,911.3:日本文学/詩歌/俳諧．俳句,日本文学,京都,その他
1844,拾遺広陵集,911.15,911.15:詩歌/和歌．短歌/近世：江戸時代,詩歌,不明,その他
1849,掌中千代尼発句集,911.3,911.3:日本文学/詩歌/俳諧．俳句,日本文学,不明,その他
1857,探花箋,911.3,911.3:日本文学/詩歌/俳諧．俳句,日本文学,不明,不明
1850,提醒紀談,914.5,914.5:日本文学/評論．エッセイ．随筆/近世：江戸時代,日本文学,江戸,その他
1847,教草乳母艸紙 10編 (存4編),913.57,913.57:小説．物語/近世：江戸時代/草双紙：赤本，黒本，青本，黄表紙，合巻,小説．物語,不明,その他
1857,教草女房形気,913.59,913.59:小説．物語/近世：江戸時代/咄本：醒睡笑,小説．物語,不明,山東 京山
1850,散木弃歌集標註 : 10巻,911.138,911.138:和歌．短歌/古代後期［中古］：平安時代/家集,和歌．短歌,不明,その他
1821,文あはせ,915.5,915.5:日本文学/日記．書簡．紀行/近世：江戸時代,日本文学,大阪,その他
1857,文久二十六家絶句,919.5,919.5:日本文学/漢詩文．日本漢文学/近世：江戸時代,日本文学,不明,不明
1828,文教温故 : 2巻,914,914:日本文学/評論．エッセイ．随筆,日本文学,江戸,その他
1835,文話 8巻,919.5,919.5:日本文学/漢詩文．日本漢文学/近世：江戸時代,日本文学,不明,その他
1840,文語碎錦,919,919:日本文学/漢詩文．日本漢文学,日本文学,不明,その他
1847,文語粋金,919,919:日本文学/漢詩文．日本漢文学,日本文学,不明,その他
1846,文語解 : 5巻,919,919:日本文学/漢詩文．日本漢文学,日本文学,京都,その他
1802,斉明紀童謡考,911.6,911.6:日本文学/詩歌/歌謡,日本文学,江戸,その他
1804,新古今和歌集,911.14,911.14:詩歌/和歌．短歌/中世：鎌倉・室町時代,詩歌,不明,その他
1825,新古今集もろかつら,911.14,911.14:詩歌/和歌．短歌/中世：鎌倉・室町時代,詩歌,不明,その他
1815,新学異見,911.1,911.1:日本文学/詩歌/和歌．短歌,日本文学,京都,香川 景樹
1829,新学異見弁,911,911:日本文学/詩歌,日本文学,不明,その他
1815,新撰折句むすひ艸,911.49,911.49:詩歌/川柳．狂句/雑俳：前句付，冠付，物は付，沓付，折句,詩歌,不明,その他
1849,新撰狂句図会,911.3,911.3:日本文学/詩歌/俳諧．俳句,日本文学,江戸,その他
1846,新撰画本柳樽,911.4,911.4:日本文学/詩歌/川柳．狂句,日本文学,江戸,緑亭川柳
1837,新朗詠集,919,919:日本文学/漢詩文．日本漢文学,日本文学,江戸,その他
1855,新柳多留,911.45,911.45:詩歌/川柳．狂句/近世：江戸時代,詩歌,大阪,その他
1818,新歌林良材集 : 2巻,911.1,911.1:日本文学/詩歌/和歌．短歌,日本文学,大阪,その他
1817,新百人,911.14,911.14:詩歌/和歌．短歌/中世：鎌倉・室町時代,詩歌,不明,不明
1814,新百人一首,911.14,911.14:詩歌/和歌．短歌/中世：鎌倉・室町時代,詩歌,江戸,その他
1825,新編俳諧文集,914.5,914.5:日本文学/評論．エッセイ．随筆/近世：江戸時代,日本文学,江戸,その他
1847,新編金瓶梅 : 10集80巻,913.57,913.57:小説．物語/近世：江戸時代/草双紙：赤本，黒本，青本，黄表紙，合巻,小説．物語,江戸,その他
1825,新製艶油舗,913.5,913.5:日本文学/小説．物語/近世：江戸時代,日本文学,江戸,その他
1854,新説明清合戰記 5巻,913.56,913.56:小説．物語/近世：江戸時代/読本：滝沢馬琴，上田秋成,小説．物語,不明,その他
1841,方円俳諧集,911.3,911.3:日本文学/詩歌/俳諧．俳句,日本文学,京都,その他
1828,方言修行金草鞋 25編 (存1編),913.59,913.59:小説．物語/近世：江戸時代/咄本：醒睡笑,小説．物語,不明,その他
1829,旗山集,919.5,919.5:日本文学/漢詩文．日本漢文学/近世：江戸時代,日本文学,不明,その他
1843,日光駅程見聞雑記,915,915:日本文学/日記．書簡．紀行,日本文学,江戸,その他
1818,日本文鈔 3巻,919.5,919.5:日本文学/漢詩文．日本漢文学/近世：江戸時代,日本文学,不明,その他
1830,日本楽府 : 山陽外史擬製,919,919:日本文学/漢詩文．日本漢文学,日本文学,京都,その他
1810,早引説要集,913.5,913.5:日本文学/小説．物語/近世：江戸時代,日本文学,江戸,山東 京山
1843,早替胸機關 3巻,913.55,913.55:小説．物語/近世：江戸時代/滑稽本：十返舎一九，式亭三馬，滝亭鯉丈,小説．物語,不明,その他
1862,明倫歌集 : 10巻,911.108,911.108:詩歌/和歌．短歌/叢書．全集．選集,詩歌,不明,その他
1864,明鴉墨画迺裲襠 15編60巻 (存2編6巻),913.59,913.59:小説．物語/近世：江戸時代/咄本：醒睡笑,小説．物語,不明,その他
1864,昔噺譽比達贔屓 3編12巻 (存1編4巻),913.59,913.59:小説．物語/近世：江戸時代/咄本：醒睡笑,小説．物語,不明,その他
1841,星厳集,919.5,919.5:日本文学/漢詩文．日本漢文学/近世：江戸時代,日本文学,不明,その他
1863,星巖先生詩外,919.5,919.5:日本文学/漢詩文．日本漢文学/近世：江戸時代,日本文学,不明,その他
1863,星巖先生詩存,919.5,919.5:日本文学/漢詩文．日本漢文学/近世：江戸時代,日本文学,不明,その他
1853,星巖集,919.5,919.5:日本文学/漢詩文．日本漢文学/近世：江戸時代,日本文学,不明,その他
1852,春の文かしくの艸子 9編 (存4編),913.57,913.57:小説．物語/近世：江戸時代/草双紙：赤本，黒本，青本，黄表紙，合巻,小説．物語,不明,山東 京山
1854,春の文かしくの草紙,913.57,913.57:小説．物語/近世：江戸時代/草双紙：赤本，黒本，青本，黄表紙，合巻,小説．物語,江戸,山東 京山
1832,春湊浪話抜萃,914.5,914.5:日本文学/評論．エッセイ．随筆/近世：江戸時代,日本文学,不明,その他
1841,春色梅美婦禰,913.5,913.5:日本文学/小説．物語/近世：江戸時代,日本文学,江戸,為永春水
1863,春雲樓遺稿,919.6,919.6:日本文学/漢詩文．日本漢文学/近代：明治以後,日本文学,不明,その他
1816,曽禰好忠家集,911.13,911.13:詩歌/和歌．短歌/古代後期［中古］：平安時代,詩歌,大阪,その他
1846,月ゆみ,911.3,911.3:日本文学/詩歌/俳諧．俳句,日本文学,不明,その他
1808,月詣倭歌集 : 12巻附考1巻,911.14,911.14:詩歌/和歌．短歌/中世：鎌倉・室町時代,詩歌,不明,その他
1832,有子山園題詠,919.5,919.5:日本文学/漢詩文．日本漢文学/近世：江戸時代,日本文学,不明,不明
1833,木曽義仲勲功図会,913.5,913.5:日本文学/小説．物語/近世：江戸時代,日本文学,大阪,その他
1822,木曽義仲鼎臣録,913.5,913.5:日本文学/小説．物語/近世：江戸時代,日本文学,江戸,その他
1862,本能寺戦記并に山崎戦場録,913.5,913.5:日本文学/小説．物語/近世：江戸時代,日本文学,不明,不明
1809,杉田日記 : 〔和綴じ本〕,,不明,不明,不明,その他
1812,杏花叢,911.19,911.19:詩歌/和歌．短歌/狂歌．へなぶり,詩歌,不明,その他
1803,東〓子,914.5,914.5:日本文学/評論．エッセイ．随筆/近世：江戸時代,日本文学,大阪,その他
1822,東武六歌仙,911.3,911.3:日本文学/詩歌/俳諧．俳句,日本文学,京都,その他
1825,東洞先生遺稿 : 3巻,919.5,919.5:日本文学/漢詩文．日本漢文学/近世：江戸時代,日本文学,大阪,その他
1867,東海道膝栗毛,913.55,913.55:小説．物語/近世：江戸時代/滑稽本：十返舎一九，式亭三馬，滝亭鯉丈,小説．物語,江戸,その他
1803,東牖子 : 5巻,914,914:日本文学/評論．エッセイ．随筆,日本文学,その他,その他
1824,東路の記,915.5,915.5:日本文学/日記．書簡．紀行/近世：江戸時代,日本文学,不明,その他
1821,東風流六六歌仙人名録 : 初篇,911.19,911.19:詩歌/和歌．短歌/狂歌．へなぶり,詩歌,江戸,その他
1838,染浴衣菊新形,913.59,913.59:小説．物語/近世：江戸時代/咄本：醒睡笑,小説．物語,不明,その他
1848,柳〓雑筆,914.5,914.5:日本文学/評論．エッセイ．随筆/近世：江戸時代,日本文学,江戸,その他
1823,柿本人麻呂事蹟考弁,911.1,911.1:日本文学/詩歌/和歌．短歌,日本文学,不明,その他
1832,栄花物語系図,913.392,913.392:古代後期［中古］：平安時代/歴史物語/栄華物語,古代後期［中古］：平安時代,江戸,その他
1851,校正七部集,911.3,911.3:日本文学/詩歌/俳諧．俳句,日本文学,江戸,不明
1861,校正訳注源氏物語評釈 : 8巻首2巻語釈2巻余釈2巻,913.3,913.3:日本文学/小説．物語/古代後期［中古］：平安時代,日本文学,不明,その他
1854,校正訳註源氏物語評釈,913.361,913.361:古代後期［中古］：平安時代/源氏物語/書誌．索引,古代後期［中古］：平安時代,不明,その他
1820,校異首書土佐日記全,915.3,915.3:日本文学/日記．書簡．紀行/古代：平安時代まで,日本文学,京都,その他
1843,桂の落葉 : 2巻,911.15,911.15:詩歌/和歌．短歌/近世：江戸時代,詩歌,江戸,香川 景樹
1835,桂園一枝,911.1,911.1:日本文学/詩歌/和歌．短歌,日本文学,京都,香川 景樹
1849,桂園一枝拾遺 : 2巻,911.15,911.15:詩歌/和歌．短歌/近世：江戸時代,詩歌,不明,香川 景樹
1817,桂館野乗 桂館漫筆,914.5,914.5:日本文学/評論．エッセイ．随筆/近世：江戸時代,日本文学,不明,その他
1835,桧垣嫗家集補註 : 2巻,911.138,911.138:和歌．短歌/古代後期［中古］：平安時代/家集,和歌．短歌,長崎,中島 広足
1860,梁塵後抄 4巻,911.6,911.6:日本文学/詩歌/歌謡,日本文学,大阪,その他
1855,梅園叢書,914,914:日本文学/評論．エッセイ．随筆,日本文学,大阪,その他
1849,梅室両吟稿,913,913:日本文学/小説．物語,日本文学,大阪,その他
1839,梅室家集,913,913:日本文学/小説．物語,日本文学,大阪,その他
1828,梅室附合集,913,913:日本文学/小説．物語,日本文学,江戸,その他
1841,梅川忠兵衞冥途の飛脚,912.4,912.4:日本文学/戯曲/浄瑠璃：近松門左衛門，紀海音,日本文学,不明,その他
1812,梅桜振袖日記,913.57,913.57:小説．物語/近世：江戸時代/草双紙：赤本，黒本，青本，黄表紙，合巻,小説．物語,不明,その他
1806,梅窓筆記,914.5,914.5:日本文学/評論．エッセイ．随筆/近世：江戸時代,日本文学,京都,その他
1823,梧窓漫筆,914,914:日本文学/評論．エッセイ．随筆,日本文学,江戸,その他
1840,梧窓漫筆三編 2巻,914.5,914.5:日本文学/評論．エッセイ．随筆/近世：江戸時代,日本文学,不明,その他
1824,梧窓漫筆後篇 : 2巻,914,914:日本文学/評論．エッセイ．随筆,日本文学,江戸,その他
1824,梧窓漫筆後編 2巻,914.5,914.5:日本文学/評論．エッセイ．随筆/近世：江戸時代,日本文学,不明,その他
1821,楠正行戦功図絵,913.5,913.5:日本文学/小説．物語/近世：江戸時代,日本文学,不明,その他
1859,楢乃落葉 : 2巻,911.1,911.1:日本文学/詩歌/和歌．短歌,日本文学,大阪,その他
1861,楳吉野,911.3,911.3:日本文学/詩歌/俳諧．俳句,日本文学,その他,その他
1821,槻乃落葉信濃漫録,914,914:日本文学/評論．エッセイ．随筆,日本文学,名古屋,その他
1859,樅堂文鈔 / 蓬窓日記,919.5,919.5:日本文学/漢詩文．日本漢文学/近世：江戸時代,日本文学,不明,その他
1840,樹下集,911.13,911.13:詩歌/和歌．短歌/古代後期［中古］：平安時代,詩歌,不明,その他
1833,橋供養 : 5巻,913.56,913.56:小説．物語/近世：江戸時代/読本：滝沢馬琴，上田秋成,小説．物語,大阪,その他
1826,橘庵漫筆,914.5,914.5:日本文学/評論．エッセイ．随筆/近世：江戸時代,日本文学,大阪,その他
1825,橘菴漫筆,914,914:日本文学/評論．エッセイ．随筆,日本文学,大阪,その他
1841,櫻姫全傳曙草紙 5巻,913.56,913.56:小説．物語/近世：江戸時代/読本：滝沢馬琴，上田秋成,小説．物語,不明,その他
1854,歌仙部類抄 : 女房三十六人歌仙 : 2巻,911.13,911.13:詩歌/和歌．短歌/古代後期［中古］：平安時代,詩歌,不明,その他
1817,歌体約言,911,911:日本文学/詩歌,日本文学,不明,その他
1849,歌俳百人撰,911,911:日本文学/詩歌,日本文学,江戸,その他
1852,歌城歌集 : 4巻追加1巻,911.15,911.15:詩歌/和歌．短歌/近世：江戸時代,詩歌,大阪,その他
1852,歌格類選,911.1,911.1:日本文学/詩歌/和歌．短歌,日本文学,京都,その他
1846,歌迺大意 : 2巻,911.1,911.1:日本文学/詩歌/和歌．短歌,日本文学,不明,その他
1857,歒討噂古市 3編12巻 (存2編8巻),913.59,913.59:小説．物語/近世：江戸時代/咄本：醒睡笑,小説．物語,不明,その他
1867,正気歌俗解,919,919:日本文学/漢詩文．日本漢文学,日本文学,不明,その他
1857,武蔵野集 : 2編,911.15,911.15:詩歌/和歌．短歌/近世：江戸時代,詩歌,江戸,その他
1838,比那能歌語,91,91:文学/日本文学,文学,その他,その他
1819,水無瀬殿富士百首,911.15,911.15:詩歌/和歌．短歌/近世：江戸時代,詩歌,不明,その他
1838,江戸名物/狂詩選,919.5,919.5:日本文学/漢詩文．日本漢文学/近世：江戸時代,日本文学,不明,その他
1836,江戸名物詩,919.5,919.5:日本文学/漢詩文．日本漢文学/近世：江戸時代,日本文学,不明,その他
1862,江戸紫端唄文庫 (存2編),913.57,913.57:小説．物語/近世：江戸時代/草双紙：赤本，黒本，青本，黄表紙，合巻,小説．物語,不明,その他
1852,江西三十八勝詩歌 : 〔和綴じ本〕,,不明,不明,不明,その他
1851,江都名家詩選,919.5,919.5:日本文学/漢詩文．日本漢文学/近世：江戸時代,日本文学,不明,その他
1845,沙鴎発句集,911.3,911.3:日本文学/詩歌/俳諧．俳句,日本文学,名古屋,その他
1862,河藻集,911.1,911.1:日本文学/詩歌/和歌．短歌,日本文学,名古屋,その他
1839,泊洦舎集 8巻,911.158,911.158:和歌．短歌/近世：江戸時代/家集,和歌．短歌,不明,その他
1816,法のえ,911.15,911.15:詩歌/和歌．短歌/近世：江戸時代,詩歌,不明,その他
1846,流行噺図絵,913.7,913.7:日本文学/小説．物語/講談・落語本．笑話集,日本文学,大阪,その他
1856,浄土百歌仙,911.1,911.1:日本文学/詩歌/和歌．短歌,日本文学,不明,その他
1824,浅井三代軍記,913.5,913.5:日本文学/小説．物語/近世：江戸時代,日本文学,大阪,不明
1845,浦のしほ貝 : 3巻,911.15,911.15:詩歌/和歌．短歌/近世：江戸時代,詩歌,その他,その他
1823,浦乃しるべ,915.5,915.5:日本文学/日記．書簡．紀行/近世：江戸時代,日本文学,不明,中島 広足
1849,浪華四時雑詞,919,919:日本文学/漢詩文．日本漢文学,日本文学,大阪,不明
1825,消閑雑記,914.5,914.5:日本文学/評論．エッセイ．随筆/近世：江戸時代,日本文学,大阪,その他
1862,涙松集,911.15,911.15:詩歌/和歌．短歌/近世：江戸時代,詩歌,不明,その他
1816,淡海僧海量随筆中抜書,911.104,911.104:詩歌/和歌．短歌/論文集．評論集．講演集．歌話．評釈．鑑賞,詩歌,不明,その他
1822,清原雄風家集 : 2巻,911.15,911.15:詩歌/和歌．短歌/近世：江戸時代,詩歌,不明,その他
1854,清浄閣詩鈔,919.5,919.5:日本文学/漢詩文．日本漢文学/近世：江戸時代,日本文学,不明,その他
1820,清話抄 : 2巻,911.19,911.19:詩歌/和歌．短歌/狂歌．へなぶり,詩歌,江戸,その他
1858,清輔雑談集 : 2巻,911,911:日本文学/詩歌,日本文学,京都,その他
1844,温泉土産 箱根草 : 〔和綴じ本〕,,不明,不明,江戸,その他
1836,源平拾遺,913.4,913.4:日本文学/小説．物語/中世：鎌倉・室町時代,日本文学,大阪,その他
1846,源氏一統志,913.56,913.56:小説．物語/近世：江戸時代/読本：滝沢馬琴，上田秋成,小説．物語,江戸,その他
1825,源氏男女装束抄 : 2巻附1巻,913.362,913.362:古代後期［中古］：平安時代/源氏物語/年表．系図．故実,古代後期［中古］：平安時代,大阪,その他
1809,滑稽江の島土産,913.5,913.5:日本文学/小説．物語/近世：江戸時代,日本文学,大阪,十返舎一九
1831,滑稽發句類題集 2編6巻,911.35,911.35:詩歌/俳諧．俳句/文化・文政・天保期：小林一茶，成田蒼＊，桜井梅室,詩歌,不明,その他
1848,漉海苔集,911.3,911.3:日本文学/詩歌/俳諧．俳句,日本文学,不明,その他
1860,濡衣女鳴神,913.57,913.57:小説．物語/近世：江戸時代/草双紙：赤本，黒本，青本，黄表紙，合巻,小説．物語,江戸,その他
1843,炭瓢集,911.3,911.3:日本文学/詩歌/俳諧．俳句,日本文学,京都,その他
1810,烏涯遺稿,919.5,919.5:日本文学/漢詩文．日本漢文学/近世：江戸時代,日本文学,不明,その他
1811,烹雑の記,914.5,914.5:日本文学/評論．エッセイ．随筆/近世：江戸時代,日本文学,江戸,その他
1807,無射集,911.3,911.3:日本文学/詩歌/俳諧．俳句,日本文学,不明,その他
1810,燕石雑志 : 5巻,914,914:日本文学/評論．エッセイ．随筆,日本文学,大阪,その他
1811,燕石雑誌,914.5,914.5:日本文学/評論．エッセイ．随筆/近世：江戸時代,日本文学,江戸,その他
1811,燕石雜志 5巻,914.5,914.5:日本文学/評論．エッセイ．随筆/近世：江戸時代,日本文学,不明,その他
1818,犬夷評判記,913.56,913.56:小説．物語/近世：江戸時代/読本：滝沢馬琴，上田秋成,小説．物語,江戸,その他
1827,狂歌今昔物語 2巻,911.19,911.19:詩歌/和歌．短歌/狂歌．へなぶり,詩歌,不明,その他
1851,狂歌問答,159.9,その他,その他,江戸,不明
1831,狂歌略画三十六歌仙,911.19,911.19:詩歌/和歌．短歌/狂歌．へなぶり,詩歌,大阪,その他
1819,狂歌細画俤百人一首,911.147,911.147:和歌．短歌/中世：鎌倉・室町時代/私撰集：小倉百人一首,和歌．短歌,不明,その他
1848,狂言記 : 5巻続5巻拾遺5巻,912.3,912.3:日本文学/戯曲/謡曲,日本文学,大阪,不明
1827,狂詩/馬鹿集,919.5,919.5:日本文学/漢詩文．日本漢文学/近世：江戸時代,日本文学,不明,その他
1855,狂詩百色染,919,919:日本文学/漢詩文．日本漢文学,日本文学,江戸,その他
1828,猿著聞集,913.5,913.5:日本文学/小説．物語/近世：江戸時代,日本文学,江戸,その他
1818,玄同放言 (存3巻),914.5,914.5:日本文学/評論．エッセイ．随筆/近世：江戸時代,日本文学,不明,その他
1845,玉池吟社詩一集,919.5,919.5:日本文学/漢詩文．日本漢文学/近世：江戸時代,日本文学,不明,その他
1802,玉笈集,911.3,911.3:日本文学/詩歌/俳諧．俳句,日本文学,京都,その他
1837,理齋隨筆 6巻,914.5,914.5:日本文学/評論．エッセイ．随筆/近世：江戸時代,日本文学,不明,その他
1858,琴声美人録,913.57,913.57:小説．物語/近世：江戸時代/草双紙：赤本，黒本，青本，黄表紙，合巻,小説．物語,江戸,その他
1813,琴後集 : 15巻,911.15,911.15:詩歌/和歌．短歌/近世：江戸時代,詩歌,江戸,その他
1840,瓊浦集 : 2巻,911.157,911.157:和歌．短歌/近世：江戸時代/選集,和歌．短歌,長崎,中島 広足
1802,田ことの日,911.3,911.3:日本文学/詩歌/俳諧．俳句,日本文学,江戸,その他
1813,田舎芝居忠臣蔵,913.5,913.5:日本文学/小説．物語/近世：江戸時代,日本文学,江戸,その他
1826,田舎莊子 [正篇]4冊外篇6冊附録3冊,913.55,913.55:小説．物語/近世：江戸時代/滑稽本：十返舎一九，式亭三馬，滝亭鯉丈,小説．物語,不明,その他
1864,甲陽軍記,913.56,913.56:小説．物語/近世：江戸時代/読本：滝沢馬琴，上田秋成,小説．物語,不明,その他
1841,画本柳樽,911.4,911.4:日本文学/詩歌/川柳．狂句,日本文学,大阪,その他
1839,當世冠附あふむ石,911.49,911.49:詩歌/川柳．狂句/雑俳：前句付，冠付，物は付，沓付，折句,詩歌,不明,その他
1844,當世冠附たから槌 : あふむ石二篇,911.49,911.49:詩歌/川柳．狂句/雑俳：前句付，冠付，物は付，沓付，折句,詩歌,不明,その他
1852,畸人百人一首,911.1,911.1:日本文学/詩歌/和歌．短歌,日本文学,江戸,緑亭 川柳
1865,畿さら起集,911.3,911.3:日本文学/詩歌/俳諧．俳句,日本文学,不明,不明
1847,発句類題菖蒲机,911.3,911.3:日本文学/詩歌/俳諧．俳句,日本文学,江戸,不明
1855,登茂婦え集,913,913:日本文学/小説．物語,日本文学,金沢,その他
1851,白縫譚 90編 (存2編),913.57,913.57:小説．物語/近世：江戸時代/草双紙：赤本，黒本，青本，黄表紙，合巻,小説．物語,不明,その他
1833,百人一首一夕話,911.14,911.14:詩歌/和歌．短歌/中世：鎌倉・室町時代,詩歌,江戸,その他
1804,百人一首抄,911.14,911.14:詩歌/和歌．短歌/中世：鎌倉・室町時代,詩歌,不明,その他
1817,百人一首改観抄 : 5巻,911.14,911.14:詩歌/和歌．短歌/中世：鎌倉・室町時代,詩歌,不明,その他
1851,百人一首梓語 : 初篇3巻,911.14,911.14:詩歌/和歌．短歌/中世：鎌倉・室町時代,詩歌,京都,その他
1835,百人一首由来,911.14,911.14:詩歌/和歌．短歌/中世：鎌倉・室町時代,詩歌,江戸,不明
1823,百首異見,911.147,911.147:和歌．短歌/中世：鎌倉・室町時代/私撰集：小倉百人一首,和歌．短歌,京都,香川 景樹
1807,盆石皿山記 : 2編4巻,913.56,913.56:小説．物語/近世：江戸時代/読本：滝沢馬琴，上田秋成,小説．物語,江戸,その他
1827,相合駕江ノ嶋詣,913.57,913.57:小説．物語/近世：江戸時代/草双紙：赤本，黒本，青本，黄表紙，合巻,小説．物語,江戸,その他
1818,相馬日記,915.5,915.5:日本文学/日記．書簡．紀行/近世：江戸時代,日本文学,江戸,その他
1858,磐渓詩鈔,919,919:日本文学/漢詩文．日本漢文学,日本文学,不明,その他
1841,神楽催馬楽歌入文,911.6,911.6:日本文学/詩歌/歌謡,日本文学,不明,その他
1848,秀雅百人一首,911.1,911.1:日本文学/詩歌/和歌．短歌,日本文学,江戸,緑亭 川柳
1826,秋水独吟,911.3,911.3:日本文学/詩歌/俳諧．俳句,日本文学,不明,その他
1850,稜威言別 10巻目安1巻 (存3巻),911.11,911.11:詩歌/和歌．短歌/記紀歌謡,詩歌,不明,その他
1858,積翠閑話,914.5,914.5:日本文学/評論．エッセイ．随筆/近世：江戸時代,日本文学,京都,その他
1857,童話長篇,919,919:日本文学/漢詩文．日本漢文学,日本文学,不明,その他
1859,童謡妙々車,913.57,913.57:小説．物語/近世：江戸時代/草双紙：赤本，黒本，青本，黄表紙，合巻,小説．物語,不明,その他
1851,竹取物語,913.57,913.57:小説．物語/近世：江戸時代/草双紙：赤本，黒本，青本，黄表紙，合巻,小説．物語,江戸,山東 京山
1846,"竹取物語,十八編 闕巻一,三,五,六,十一編",913.59,913.59:小説．物語/近世：江戸時代/咄本：醒睡笑,小説．物語,不明,その他
1830,竹取翁物語解 5巻首1巻,913.31,913.31:小説．物語/古代後期［中古］：平安時代/竹取物語,小説．物語,不明,その他
1858,竹外二十八字詩,91,91:文学/日本文学,文学,江戸,その他
1851,竹屋遺草,911.1,911.1:日本文学/詩歌/和歌．短歌,日本文学,不明,その他
1819,竹箒,911.158,911.158:和歌．短歌/近世：江戸時代/家集,和歌．短歌,不明,その他
1806,筆のすさび,914.5,914.5:日本文学/評論．エッセイ．随筆/近世：江戸時代,日本文学,大阪,その他
1825,節用木の葉かご,911.3,911.3:日本文学/詩歌/俳諧．俳句,日本文学,江戸,その他
1824,籬節四季能替歌 4巻,913.53,913.53:小説．物語/近世：江戸時代/洒落本：山東京伝，大田南畝,小説．物語,不明,山東 京山
1860,米航日記,915,915:日本文学/日記．書簡．紀行,日本文学,不明,その他
1852,粟津芭蕉翁像前額面,911.3,911.3:日本文学/詩歌/俳諧．俳句,日本文学,金沢,不明
1858,糸時雨越路一諷 2編8巻,913.59,913.59:小説．物語/近世：江戸時代/咄本：醒睡笑,小説．物語,不明,その他
1807,糺物かたり,913.51,913.51:小説．物語/近世：江戸時代/仮名草子：浅井了意，鈴木正三,小説．物語,不明,その他
1819,紀玉川 4編,911.49,911.49:詩歌/川柳．狂句/雑俳：前句付，冠付，物は付，沓付，折句,詩歌,不明,その他
1834,紀記歌集 : 2巻,911.13,911.13:詩歌/和歌．短歌/古代後期［中古］：平安時代,詩歌,江戸,その他
1852,累柴集,911.3,911.3:日本文学/詩歌/俳諧．俳句,日本文学,不明,その他
1852,累葉集,913,913:日本文学/小説．物語,日本文学,不明,その他
1805,絵本三国妖婦伝 : 3編15巻,913.56,913.56:小説．物語/近世：江戸時代/読本：滝沢馬琴，上田秋成,小説．物語,江戸,その他
1801,絵本保元平治,913.5,913.5:日本文学/小説．物語/近世：江戸時代,日本文学,大阪,その他
1821,絵本平泉実記,913.5,913.5:日本文学/小説．物語/近世：江戸時代,日本文学,京都,その他
1803,絵本拾遺信長記,913.5,913.5:日本文学/小説．物語/近世：江戸時代,日本文学,大阪,その他
1850,絵本柳のみどり,911.4,911.4:日本文学/詩歌/川柳．狂句,日本文学,江戸,その他
1849,絵本柳の緑,911.4,911.4:日本文学/詩歌/川柳．狂句,日本文学,江戸,その他
1863,絵本豊臣勲功記,913.5,913.5:日本文学/小説．物語/近世：江戸時代,日本文学,大阪,その他
1836,絵本豊臣琉球軍記,913.5,913.5:日本文学/小説．物語/近世：江戸時代,日本文学,大阪,その他
1841,絵本通俗三国志 : 8編75巻,913.56,913.56:小説．物語/近世：江戸時代/読本：滝沢馬琴，上田秋成,小説．物語,大阪,その他
1852,続撰和漢朗詠集,919.5,919.5:日本文学/漢詩文．日本漢文学/近世：江戸時代,日本文学,江戸,その他
1861,続新撰朗詠集 : 2巻,911.6,911.6:日本文学/詩歌/歌謡,日本文学,京都,その他
1849,続英雄百人一首,911.15,911.15:詩歌/和歌．短歌/近世：江戸時代,詩歌,江戸,緑亭 川柳
1804,続詩学聯錦,919,919:日本文学/漢詩文．日本漢文学,日本文学,その他,その他
1809,続詩学貫珠,919,919:日本文学/漢詩文．日本漢文学,日本文学,大阪,その他
1850,続詩韻砕金幼学便覧,919,919:日本文学/漢詩文．日本漢文学,日本文学,不明,不明
1845,続近世叢語 : 8巻,281.08,その他,その他,江戸,その他
1807,続雪まろけ,911.3,911.3:日本文学/詩歌/俳諧．俳句,日本文学,不明,その他
1847,綺語艶曲 : 2輯,912.4,912.4:日本文学/戯曲/浄瑠璃：近松門左衛門，紀海音,日本文学,不明,その他
1812,縣居雑録,914.5,914.5:日本文学/評論．エッセイ．随筆/近世：江戸時代,日本文学,不明,賀茂 真淵
1806,繪本孝婦傳 5巻,913.56,913.56:小説．物語/近世：江戸時代/読本：滝沢馬琴，上田秋成,小説．物語,不明,その他
1853,續歌格類選,911.101,911.101:詩歌/和歌．短歌/理論．歌学．歌学史,詩歌,不明,その他
1810,續膝栗毛,913.55,913.55:小説．物語/近世：江戸時代/滑稽本：十返舎一九，式亭三馬，滝亭鯉丈,小説．物語,江戸,その他
1849,續英雄百人一首 : 全,911.108,911.108:詩歌/和歌．短歌/叢書．全集．選集,詩歌,不明,緑亭 川柳
1858,義士三度仇討,913.5,913.5:日本文学/小説．物語/近世：江戸時代,日本文学,江戸,その他
1850,義烈百人一首,911.1,911.1:日本文学/詩歌/和歌．短歌,日本文学,江戸,緑亭 川柳
1826,義経勲功図会,913.5,913.5:日本文学/小説．物語/近世：江戸時代,日本文学,その他,その他
1855,義經蝦夷勲功記 4編19巻 (存1編4巻),913.436,913.436:中世：鎌倉・室町時代/軍記物語/義経記,中世：鎌倉・室町時代,不明,その他
1850,翁草,914.5,914.5:日本文学/評論．エッセイ．随筆/近世：江戸時代,日本文学,京都,その他
1824,老懐百首,919.5,919.5:日本文学/漢詩文．日本漢文学/近世：江戸時代,日本文学,不明,その他
1802,聖廟法樂連歌三物,911.2,911.2:日本文学/詩歌/連歌,日本文学,不明,不明
1861,能登めぐり,913,913:日本文学/小説．物語,日本文学,不明,その他
1828,膝麿毛,913.57,913.57:小説．物語/近世：江戸時代/草双紙：赤本，黒本，青本，黄表紙，合巻,小説．物語,江戸,その他
1820,舟中一覧,911,911:日本文学/詩歌,日本文学,不明,その他
1829,色ハ思案の外欲ハ分別の中賣色安本丹,913.55,913.55:小説．物語/近世：江戸時代/滑稽本：十返舎一九，式亭三馬，滝亭鯉丈,小説．物語,不明,その他
1833,芍薬亭詠藻広陵集,911.15,911.15:詩歌/和歌．短歌/近世：江戸時代,詩歌,不明,その他
1837,芙蓉百律,919,919:日本文学/漢詩文．日本漢文学,日本文学,不明,その他
1825,芭蕉翁終焉記,911.3,911.3:日本文学/詩歌/俳諧．俳句,日本文学,不明,その他
1815,芭蕉翁附合集評註,911.3,911.3:日本文学/詩歌/俳諧．俳句,日本文学,大阪,その他
1857,花のしたふし,915.5,915.5:日本文学/日記．書簡．紀行/近世：江戸時代,日本文学,不明,中島 広足
1860,花封莟玉章,913.57,913.57:小説．物語/近世：江戸時代/草双紙：赤本，黒本，青本，黄表紙，合巻,小説．物語,江戸,その他
1862,花裘狐草子,913.57,913.57:小説．物語/近世：江戸時代/草双紙：赤本，黒本，青本，黄表紙，合巻,小説．物語,江戸,その他
1862,花裘狐草紙 3編12巻,913.57,913.57:小説．物語/近世：江戸時代/草双紙：赤本，黒本，青本，黄表紙，合巻,小説．物語,江戸,その他
1851,花鏡謌集,911.15,911.15:詩歌/和歌．短歌/近世：江戸時代,詩歌,不明,その他
1849,芳新集,911.3,911.3:日本文学/詩歌/俳諧．俳句,日本文学,京都,その他
1848,芳野日記,915.5,915.5:日本文学/日記．書簡．紀行/近世：江戸時代,日本文学,不明,その他
1807,芸苑日渉 : 12巻,914,914:日本文学/評論．エッセイ．随筆,日本文学,江戸,その他
1804,苗代,913,913:日本文学/小説．物語,日本文学,京都,その他
1863,若葉梅浮名横櫛 : 3編,913.57,913.57:小説．物語/近世：江戸時代/草双紙：赤本，黒本，青本，黄表紙，合巻,小説．物語,江戸,その他
1844,英雄百人一首,911.1,911.1:日本文学/詩歌/和歌．短歌,日本文学,江戸,緑亭 川柳
1833,茅窓漫録,914.5,914.5:日本文学/評論．エッセイ．随筆/近世：江戸時代,日本文学,江戸,その他
1833,茅窻漫録 3巻 (存1巻),915.5,915.5:日本文学/日記．書簡．紀行/近世：江戸時代,日本文学,不明,その他
1833,茶菓詩 初編,911.19,911.19:詩歌/和歌．短歌/狂歌．へなぶり,詩歌,不明,その他
1841,草山和歌集,911.158,911.158:和歌．短歌/近世：江戸時代/家集,和歌．短歌,不明,その他
1851,菅根集,911.3,911.3:日本文学/詩歌/俳諧．俳句,日本文学,不明,その他
1836,菟玖波集 20巻,911.2,911.2:日本文学/詩歌/連歌,日本文学,不明,その他
1851,萬葉新採百首解,911.124,911.124:和歌．短歌/万葉集/評釈．注釈．語釈,和歌．短歌,不明,賀茂 真淵
1864,葎園倭歌集,911.15,911.15:詩歌/和歌．短歌/近世：江戸時代,詩歌,不明,その他
1858,葎居後集 : 3巻,911.15,911.15:詩歌/和歌．短歌/近世：江戸時代,詩歌,大阪,その他
1804,葛原詩話後編,919.5,919.5:日本文学/漢詩文．日本漢文学/近世：江戸時代,日本文学,不明,その他
1850,葛葉九重錦,913.57,913.57:小説．物語/近世：江戸時代/草双紙：赤本，黒本，青本，黄表紙，合巻,小説．物語,江戸,その他
1851,葛麻拾遺,913,913:日本文学/小説．物語,日本文学,不明,その他
1847,蒼■翁俳諧集,913,913:日本文学/小説．物語,日本文学,京都,その他
1836,蒼海詠藻 : 2巻,911.15,911.15:詩歌/和歌．短歌/近世：江戸時代,詩歌,不明,その他
1847,蒼虬翁俳諧集,911.3,911.3:日本文学/詩歌/俳諧．俳句,日本文学,京都,その他
1832,薄こほり,911.18,911.18:詩歌/和歌．短歌/歌合．曲水,詩歌,京都,香川 景樹
1858,薄俤幻日記,913.57,913.57:小説．物語/近世：江戸時代/草双紙：赤本，黒本，青本，黄表紙，合巻,小説．物語,江戸,為永春水
1840,蘆雁集,913,913:日本文学/小説．物語,日本文学,不明,その他
1813,蘭室集略 : 12巻,919,919:日本文学/漢詩文．日本漢文学,日本文学,大阪,その他
1834,蝶雙春花壇,913.57,913.57:小説．物語/近世：江戸時代/草双紙：赤本，黒本，青本，黄表紙，合巻,小説．物語,江戸,その他
1836,行々子,911.3,911.3:日本文学/詩歌/俳諧．俳句,日本文学,不明,その他
1820,襍土一覧,913.53,913.53:小説．物語/近世：江戸時代/洒落本：山東京伝，大田南畝,小説．物語,京都,その他
1860,西国奇談,913.57,913.57:小説．物語/近世：江戸時代/草双紙：赤本，黒本，青本，黄表紙，合巻,小説．物語,江戸,為永春水
1863,西征詩鈔,919.5,919.5:日本文学/漢詩文．日本漢文学/近世：江戸時代,日本文学,不明,その他
1819,西遊詩草 2巻,919,919:日本文学/漢詩文．日本漢文学,日本文学,京都,その他
1863,観瀑図誌,919.5,919.5:日本文学/漢詩文．日本漢文学/近世：江戸時代,日本文学,その他,その他
1832,詞苑拾蕊抄,911.1,911.1:日本文学/詩歌/和歌．短歌,日本文学,不明,その他
1860,詠史絶句,919.5,919.5:日本文学/漢詩文．日本漢文学/近世：江戸時代,日本文学,江戸,その他
1848,詠歌眼目,911.107,911.107:詩歌/和歌．短歌/研究法．指導法．作歌法．作歌用書,詩歌,大阪,その他
1820,詠百首和歌,911.148,911.148:和歌．短歌/中世：鎌倉・室町時代/家集：山家集，金槐集,和歌．短歌,不明,その他
1853,詠草さとし[種],911.15,911.15:詩歌/和歌．短歌/近世：江戸時代,詩歌,不明,不明
1815,詩佛先生百絶,919.6,919.6:日本文学/漢詩文．日本漢文学/近代：明治以後,日本文学,不明,その他
1817,詩学聯錦,919.5,919.5:日本文学/漢詩文．日本漢文学/近世：江戸時代,日本文学,不明,その他
1842,詩学聯錦　（続―） / （続々―）,919.5,919.5:日本文学/漢詩文．日本漢文学/近世：江戸時代,日本文学,不明,その他
1841,詩學自在 2巻,919.5,919.5:日本文学/漢詩文．日本漢文学/近世：江戸時代,日本文学,不明,その他
1818,詩工椎鑿,919,919:日本文学/漢詩文．日本漢文学,日本文学,大阪,その他
1844,詩礎階梯 2巻,919,919:日本文学/漢詩文．日本漢文学,日本文学,不明,その他
1808,詩語砕錦,919,919:日本文学/漢詩文．日本漢文学,日本文学,京都,その他
1831,詩語碎錦 2巻,919.07,919.07:日本文学/漢詩文．日本漢文学/詩文作法,日本文学,不明,その他
1849,詩韻砕金幼学便覧,919,919:日本文学/漢詩文．日本漢文学,日本文学,大阪,その他
1865,詩韻碎金幼學便覽 2巻,919,919:日本文学/漢詩文．日本漢文学,日本文学,不明,その他
1811,詩類函（袖珍-） 第2集,919,919:日本文学/漢詩文．日本漢文学,日本文学,不明,その他
1848,誠忠義臣略伝,913.5,913.5:日本文学/小説．物語/近世：江戸時代,日本文学,江戸,緑亭川柳
1806,賀茂翁家集 : 5巻,911.15,911.15:詩歌/和歌．短歌/近世：江戸時代,詩歌,江戸,賀茂 真淵
1853,贈答百人一首,911.1,911.1:日本文学/詩歌/和歌．短歌,日本文学,江戸,緑亭 川柳
1815,越中能登万葉国詩解,911,911:日本文学/詩歌,日本文学,不明,その他
1815,越中能登萬葉国詩解,911,911:日本文学/詩歌,日本文学,不明,その他
1833,輪廻機綱夢白浪,913.57,913.57:小説．物語/近世：江戸時代/草双紙：赤本，黒本，青本，黄表紙，合巻,小説．物語,江戸,その他
1832,輶軒小録抄記,914.5,914.5:日本文学/評論．エッセイ．随筆/近世：江戸時代,日本文学,不明,その他
1849,近世三十六名家略伝 : 2巻,911.152,911.152:和歌．短歌/近世：江戸時代/歌人伝・研究,和歌．短歌,京都,その他
1828,近世叢語 : 8巻,914,914:日本文学/評論．エッセイ．随筆,日本文学,大阪,その他
1804,近世竒跡考 5巻,914.5,914.5:日本文学/評論．エッセイ．随筆/近世：江戸時代,日本文学,不明,その他
1823,近聞寓筆 : 4巻,914,914:日本文学/評論．エッセイ．随筆,日本文学,江戸,その他
1815,近葉菅根集 : 10巻,911.1,911.1:日本文学/詩歌/和歌．短歌,日本文学,江戸,その他
1829,通俗排悶録 : 11巻,913.56,913.56:小説．物語/近世：江戸時代/読本：滝沢馬琴，上田秋成,小説．物語,江戸,その他
1831,通俗西遊記 : 5篇,913.56,913.56:小説．物語/近世：江戸時代/読本：滝沢馬琴，上田秋成,小説．物語,大阪,その他
1828,逢見茶娵入小袖 . 銀世界雪之振袖,913.59,913.59:小説．物語/近世：江戸時代/咄本：醒睡笑,小説．物語,不明,その他
1834,過庭紀談,914.5,914.5:日本文学/評論．エッセイ．随筆/近世：江戸時代,日本文学,江戸,その他
1849,遠思楼詩鈔,91,91:文学/日本文学,文学,江戸,その他
1848,遠思樓詩鈔 初編2巻二編2巻 (存二編2巻),919.5,919.5:日本文学/漢詩文．日本漢文学/近世：江戸時代,日本文学,不明,その他
1825,遭厄日本紀事 : 12巻附録2巻,291.099,その他,その他,不明,その他
1837,邯鄲諸国物語 : 大和の巻後帙,913.57,913.57:小説．物語/近世：江戸時代/草双紙：赤本，黒本，青本，黄表紙，合巻,小説．物語,不明,その他
1841,郷布李集,913,913:日本文学/小説．物語,日本文学,京都,その他
1811,都久新貝,911.35,911.35:詩歌/俳諧．俳句/文化・文政・天保期：小林一茶，成田蒼＊，桜井梅室,詩歌,不明,その他
1819,都日記,91,91:文学/日本文学,文学,江戸,その他
1856,都洲集 2巻,911.157,911.157:和歌．短歌/近世：江戸時代/選集,和歌．短歌,不明,その他
1808,采風集 3巻,919.5,919.5:日本文学/漢詩文．日本漢文学/近世：江戸時代,日本文学,不明,その他
1822,釈万葉集付録,911.12,911.12:詩歌/和歌．短歌/万葉集,詩歌,不明,不明
1848,釈迦八相倭文庫,913.55,913.55:小説．物語/近世：江戸時代/滑稽本：十返舎一九，式亭三馬，滝亭鯉丈,小説．物語,大阪,その他
1851,釋迦八相倭文庫,913.57,913.57:小説．物語/近世：江戸時代/草双紙：赤本，黒本，青本，黄表紙，合巻,小説．物語,不明,その他
1817,野州紀行,915.5,915.5:日本文学/日記．書簡．紀行/近世：江戸時代,日本文学,不明,その他
1832,金海山詣記,915.5,915.5:日本文学/日記．書簡．紀行/近世：江戸時代,日本文学,不明,中島 広足
1813,金草鞋,913.57,913.57:小説．物語/近世：江戸時代/草双紙：赤本，黒本，青本，黄表紙，合巻,小説．物語,不明,十返舎一九
1806,金蘭集,911.3,911.3:日本文学/詩歌/俳諧．俳句,日本文学,不明,その他
1804,釣竿,913,913:日本文学/小説．物語,日本文学,京都,その他
1863,銃戰紀談 4巻,913.5,913.5:日本文学/小説．物語/近世：江戸時代,日本文学,不明,その他
1834,錦所談 2巻,914.5,914.5:日本文学/評論．エッセイ．随筆/近世：江戸時代,日本文学,不明,その他
1827,鎮西菊池軍記,913.5,913.5:日本文学/小説．物語/近世：江戸時代,日本文学,大阪,その他
1805,長崎行役日記,915.5,915.5:日本文学/日記．書簡．紀行/近世：江戸時代,日本文学,江戸,その他
1807,長月集,913,913:日本文学/小説．物語,日本文学,京都,不明
1857,長歌詞珠衣,911,911:日本文学/詩歌,日本文学,不明,その他
1848,閑度雑談,914.5,914.5:日本文学/評論．エッセイ．随筆/近世：江戸時代,日本文学,大阪,その他
1803,閑田文草,914.5,914.5:日本文学/評論．エッセイ．随筆/近世：江戸時代,日本文学,大阪,その他
1806,閑田次筆,914.5,914.5:日本文学/評論．エッセイ．随筆/近世：江戸時代,日本文学,京都,その他
1801,閑田耕筆,914.5,914.5:日本文学/評論．エッセイ．随筆/近世：江戸時代,日本文学,京都,その他
1841,閑窓瑣談,914.5,914.5:日本文学/評論．エッセイ．随筆/近世：江戸時代,日本文学,江戸,その他
1833,附合双玉集,913,913:日本文学/小説．物語,日本文学,大阪,その他
1832,陶犬新書,914.5,914.5:日本文学/評論．エッセイ．随筆/近世：江戸時代,日本文学,江戸,その他
1844,随筆 : 6巻,914.5,914.5:日本文学/評論．エッセイ．随筆/近世：江戸時代,日本文学,大阪,その他
1802,隣女晤言 : 2巻,914.5,914.5:日本文学/評論．エッセイ．随筆/近世：江戸時代,日本文学,京都,その他
1806,集外三十六歌仙,911.14,911.14:詩歌/和歌．短歌/中世：鎌倉・室町時代,詩歌,不明,その他
1857,雑談雨夜質庫,913.57,913.57:小説．物語/近世：江戸時代/草双紙：赤本，黒本，青本，黄表紙，合巻,小説．物語,江戸,為永春水
1815,雙玉紀行 2巻,915.5,915.5:日本文学/日記．書簡．紀行/近世：江戸時代,日本文学,不明,その他
1812,雞林情盟,919.5,919.5:日本文学/漢詩文．日本漢文学/近世：江戸時代,日本文学,不明,その他
1843,雲萍雑志 4巻,914.5,914.5:日本文学/評論．エッセイ．随筆/近世：江戸時代,日本文学,不明,その他
1831,雲錦集 : 4巻,911.15,911.15:詩歌/和歌．短歌/近世：江戸時代,詩歌,不明,その他
1847,須磨日記,915,915:日本文学/日記．書簡．紀行,日本文学,不明,その他
1850,須磨記,915.5,915.5:日本文学/日記．書簡．紀行/近世：江戸時代,日本文学,不明,その他
1843,頭書古今和歌集遠鏡 20巻,911.1351,911.1351:古代後期［中古］：平安時代/勅撰集．八代集/古今和歌集,古代後期［中古］：平安時代,不明,その他
1849,頼山陽先生手簡,915.5,915.5:日本文学/日記．書簡．紀行/近世：江戸時代,日本文学,江戸,その他
1842,類題俳諧今人発句集,911.3,911.3:日本文学/詩歌/俳諧．俳句,日本文学,不明,その他
1849,類題和歌鴨川集,911.1,911.1:日本文学/詩歌/和歌．短歌,日本文学,江戸,その他
1846,類題年毎集,911.3,911.3:日本文学/詩歌/俳諧．俳句,日本文学,京都,その他
1852,類題武蔵野集,911.1,911.1:日本文学/詩歌/和歌．短歌,日本文学,江戸,その他
1831,飛鳥井秘伝集,911,911:日本文学/詩歌,日本文学,不明,不明
1804,饒舌録 : 2巻,911.3,911.3:日本文学/詩歌/俳諧．俳句,日本文学,江戸,その他
1825,駱駝之世界 : 2巻,913.57,913.57:小説．物語/近世：江戸時代/草双紙：赤本，黒本，青本，黄表紙，合巻,小説．物語,江戸,その他
1813,骨董集,914,914:日本文学/評論．エッセイ．随筆,日本文学,江戸,その他
1831,高木織右エ門旅路迺春雨 2編4巻,913.59,913.59:小説．物語/近世：江戸時代/咄本：醒睡笑,小説．物語,不明,その他
1826,鴨東四時雑詞,919,919:日本文学/漢詩文．日本漢文学,日本文学,不明,その他
1845,鶏口集 : 2巻,914.5,914.5:日本文学/評論．エッセイ．随筆/近世：江戸時代,日本文学,江戸,その他
1822,鹿島日記,915.5,915.5:日本文学/日記．書簡．紀行/近世：江戸時代,日本文学,江戸,その他
1823,黄葉夕陽村舍詩 後編8巻,919.5,919.5:日本文学/漢詩文．日本漢文学/近世：江戸時代,日本文学,不明,その他
1847,黄葉夕陽村舎詩 [正編]8巻附録2巻 (存[正編]6巻附録2巻),919.5,919.5:日本文学/漢詩文．日本漢文学/近世：江戸時代,日本文学,不明,その他
1855,黄金水大尽盃,913.57,913.57:小説．物語/近世：江戸時代/草双紙：赤本，黒本，青本，黄表紙，合巻,小説．物語,江戸,為永春水
1867,鼠祠通夜譚,913.57,913.57:小説．物語/近世：江戸時代/草双紙：赤本，黒本，青本，黄表紙，合巻,小説．物語,江戸,その他
